{
  "roc_auc": 0.9957010582010581,
  "classification_report": {
    "0": {
      "precision": 0.9761904761904762,
      "recall": 0.9761904761904762,
      "f1-score": 0.9761904761904762,
      "support": 42
    },
    "1": {
      "precision": 0.9861111111111112,
      "recall": 0.9861111111111112,
      "f1-score": 0.9861111111111112,
      "support": 72
    },
    "accuracy": 0.9824561403508771,
    "macro avg": {
      "precision": 0.9811507936507937,
      "recall": 0.9811507936507937,
      "f1-score": 0.9811507936507937,
      "support": 114
    },
    "weighted avg": {
      "precision": 0.9824561403508771,
      "recall": 0.9824561403508771,
      "f1-score": 0.9824561403508771,
      "support": 114
    }
  }
}